<?xml version="1.0" encoding="UTF-8"?>

<phonebook type="personal">
  <entry>
    <lastname>McLaughlin</lastname>
    <firstname>Brett</firstname>
    <address type="home">
      <street>1818 Writer's Lane</street>
      <city>Lorena</city>
      <state>TX</state>
      <zip>76655</zip>
    </address>
    <address type="work">
      <street>4810 Apartment Row</street>
      <city>Dallas</city>
      <state>TX</state>
      <zip>75219</zip>
    </address>
  </entry>

  <entry>
    <lastname>Greathouse</lastname>
    <firstname>Gary</firstname>
    <address type="home">
      <street>10012 Town East Drive</street>
      <city>Waco</city>
      <state>TX</state>
      <zip>76712</zip>
    </address>
  </entry>
</phonebook>